{"cameraMode":{"drawMode":0,"name":"Shaded","section":"Shading Mode"},"sceneLighting":true,"audioPlay":false,"sceneViewState":{"showFog":true,"showMaterialUpdate":true,"showSkybox":true,"showFlares":true,"showImageEffects":true,"showParticleSystems":true},"in2DMode":false,"pivot":{"x":54.930301666259769,"y":7.158321380615234,"z":61.34483337402344},"rotation":{"x":-0.28717824816703799,"y":0.655150294303894,"z":-0.2975470721721649,"w":-0.6323286890983582},"size":3.4764459133148195,"orthographic":false}