{"cameraMode":{"drawMode":0,"name":"Shaded","section":"Shading Mode"},"sceneLighting":true,"audioPlay":false,"sceneViewState":{"showFog":true,"showMaterialUpdate":true,"showSkybox":true,"showFlares":true,"showImageEffects":true,"showParticleSystems":true},"in2DMode":false,"pivot":{"x":56.727176666259769,"y":19.48504638671875,"z":51.256492614746097},"rotation":{"x":-0.3329487442970276,"y":0.6230447292327881,"z":-0.3317779302597046,"w":-0.6252619624137878},"size":0.9536826014518738,"orthographic":false}